"VehicleNumber","Insurance Due Date"
"MH 25 CD 2350","19-08-2020"
"JK 26 EF 2351","20-08-2020"
"HP 27 GH 2352","21-08-2020"
"MP 28 IJ 2353","17-11-2015"
"AP 29 KL 2354","23-08-2020"
"TS 30 MO 2355","24-08-2020"
"UP 31 PQ 2356","25-08-2020"
"CG 32 AJ 1456","27-12-2015"
"MH 33 KL 1457","27-08-2020"
"JK 34 MO 1458","28-08-2020"
"HP 35 MN 1459","29-08-2020"
"MP 36 AB 1460","30-08-2020"
"AP 37 CD 1461","18-01-2015"
"TS 38 EF 1462","01-09-2020"
"UP 39 GH 1463","02-09-2020"
"CG 40 IJ 1464","03-09-2020"
"MH 41 KL 1465","04-09-2020"
"JK 42 MO 1466","05-09-2020"
"HP 43 PQ 1467","06-09-2020"
"MP 44 AJ 1468","07-09-2020"
"AP 45 KL 1469","08-09-2020"
"TS 46 MO 7890","09-09-2020"
"UP 47 MN 7891","10-09-2020"
"CG 48 AB 7892","11-09-2020"
"MH 49 CD 7893","12-09-2020"
"JK 50 EF 7894","13-09-2020"
"HP 51 GH 7895","14-09-2020"
"MP 52 IJ 7896","15-09-2020"
"AP 53 KL 7897","16-09-2020"
"TS 54 MO 7898","17-09-2020"
"UP 55 PQ 9876","18-09-2020"
"CG 56 AJ 9877","19-09-2020"
"MH 57 KL 9878","20-09-2020"
"JK 58 MO 9879","21-09-2020"
"HP 59 MN 9880","22-09-2020"
"MH 01 AK 6667","15-07-2020"
"MH 01 AK 6668","16-07-2020"
"MH 01 AK 6669","17-07-2015"
"MH 01 AK 6670","18-07-2020"
"MH 01 AK 6671","19-07-2020"
"RJ 09 WS 1298","20-07-2020"
"RJ 09 WS 1299","21-07-2020"
"RJ 09 WS 1300","22-07-2020"
"RJ 09 WS 1301","18-06-2015"
"RJ 09 WS 1302","24-07-2020"
"RJ 09 WS 1303","25-07-2020"
"GJ 88 MM 1234","26-07-2020"
"GJ 88 MM 1235","27-07-2020"
"GJ 88 MM 1236","28-07-2020"
"GJ 88 MM 1237","29-07-2020"
"GJ 88 MM 1238","30-07-2020"
"GJ 88 MM 1239","31-07-2020"
"GJ 88 MM 1240","12-03-2015"
"MH 16 AJ 6678","02-08-2020"
"MH 12 SK 4559","03-08-2020"
"MH 13 SK 3456","04-08-2020"
"MH 12 SR 9807","05-08-2020"
"MP 12 AB 5678","06-08-2020"
"AP 13 CD 5679","14-04-2002"
"TS 14 EF 5680","08-08-2020"
"UP 15 GH 5681","09-08-2020"
"CG 16 IJ 5682","10-08-2020"
"MH 17 KL 5683","11-08-2020"
"JK 18 MO 5684","12-08-2020"
"HP 19 PQ 5685","13-08-2020"
"MP 20 AJ 2345","14-08-2020"
"AP 21 KL 2346","15-08-2020"
"TS 22 MO 2347","16-08-2020"
"UP 23 MN 2348","01-09-2015"
"CG 24 AB 2349","18-08-2020"
"MP 60 AB 9881","23-09-2020"
"AP 61 CD 9882","24-09-2020"
"TS 62 EF 9883","25-09-2020"
"UP 63 GH 9884","26-09-2020"
"CG 64 IJ 9885","27-09-2020"
"MH 65 KL 9886","28-09-2020"
"JK 66 MO 9887","29-09-2020"
"HP 67 PQ 9888","30-09-2020"
"MP 68 AJ 9889","01-10-2020"
"AP 69 KL 9890","02-10-2020"
"TS 70 MO 9891","03-10-2020"
"UP 71 MN 5792","04-10-2020"
"CG 72 AB 5793","05-10-2020"
"MH 73 CD 5794","06-10-2020"
"JK 74 EF 5795","07-10-2020"
"HP 75 GH 5796","08-10-2020"
"MP 76 IJ 5797","09-10-2020"
"AP 77 KL 5798","10-10-2020"
"TS 78 MO 1569","11-10-2020"
"UP 79 PQ 1570","12-10-2020"
"CG 80 AJ 1571","13-10-2020"
"MH 81 KL 1572","14-10-2020"
"JK 82 MO 1573","15-10-2020"
"HP 12 MN 1574","16-10-2020"
"MP 13 AB 1575","17-10-2020"
"AP 14 CD 1576","18-10-2020"
"TS 15 EF 1577","19-10-2020"
"UP 16 GH 1578","20-10-2020"
"CG 17 IJ 1579","21-10-2020"
"MH 18 KL 1580","22-10-2020"
"JK 19 MO 1581","23-10-2020"
"HP 20 PQ 8734","24-10-2020"
"MP 21 AJ 8735","25-10-2020"
"AP 22 KL 8736","26-10-2020"
"TS 23 MO 8737","27-10-2020"
"UP 24 MN 8738","28-10-2020"
"CG 25 AB 8739","29-10-2020"
"MH 26 CD 8740","30-10-2020"
"JK 27 EF 8741","31-10-2020"
"HP 28 GH 8742","01-11-2020"
"MP 29 IJ 8743","02-11-2020"
"AP 30 KL 8744","03-11-2020"
"TS 31 MO 8745","04-11-2020"
"UP 32 PQ 8746","05-11-2020"
"CG 33 AJ 8747","06-11-2020"
"MH 34 KL 9823","07-11-2020"
"JK 35 MO 9824","08-11-2020"
"HP 36 MN 9825","09-11-2020"
"MP 37 AB 9826","10-11-2020"
"AP 38 CD 9827","11-11-2020"
"TS 39 EF 9828","12-11-2020"
"UP 40 GH 9829","13-11-2020"
"CG 41 IJ 9830","14-11-2020"
"MH 42 KL 9831","15-11-2020"
"JK 43 MO 9832","16-11-2020"
"HP 44 PQ 9833","17-11-2020"
"MP 45 AJ 9834","18-11-2020"
"AP 46 KL 9835","19-11-2020"
"TS 47 MO 9836","20-11-2020"
"UP 48 MN 9837","21-11-2020"
"CG 49 AB 9838","22-11-2020"
"MH 50 CD 9839","23-11-2020"
"JK 51 EF 9840","24-11-2020"
"HP 52 GH 9841","25-11-2020"
"MP 53 IJ 9842","26-11-2020"
"AP 54 KL 9843","27-11-2020"
"TS 55 MO 9844","28-11-2020"
"UP 56 PQ 9845","29-11-2020"
"CG 57 AJ 9846","30-11-2020"
"MH 58 KL 9847","01-12-2020"
"JK 59 MO 9848","02-12-2020"
"HP 60 MN 9849","03-12-2020"
"MP 61 IY 9850","04-12-2020"
"AP 62 JQ 9851","05-12-2020"
